Rank,Release Group,Worldwide,Domestic,%,Foreign,%
1,The Eight Hundred,"$461,421,559","$372,755",<0.1%,"$461,048,804",99.9%
2,Demon Slayer the Movie: Mugen Train,"$453,210,959","$49,505,008",10.9%,"$403,705,951",89.1%
3,Bad Boys for Life,"$426,505,244","$206,305,244",48.4%,"$220,200,000",51.6%
4,"My People, My Homeland","$422,390,820",-,-,"$422,390,820",100%
5,Tenet,"$365,294,355","$58,504,105",16%,"$306,790,250",84%
6,Sonic the Hedgehog,"$319,715,683","$148,974,665",46.6%,"$170,741,018",53.4%
7,Dolittle,"$251,410,631","$77,047,065",30.6%,"$174,363,566",69.4%
8,Legend of Deification,"$240,646,355","$214,670",<0.1%,"$240,431,685",99.9%
9,A Little Red Flower,"$216,000,000",-,-,"$216,000,000",100%
10,The Croods: A New Age,"$215,905,815","$58,568,815",27.1%,"$157,337,000",72.9%
11,Birds of Prey,"$205,308,611","$84,158,461",41%,"$121,150,150",59%
12,Shock Wave 2,"$198,921,659",-,-,"$198,921,659",100%
13,Wonder Woman 1984,"$169,602,006","$46,801,036",27.6%,"$122,800,970",72.4%
14,The Sacrifice,"$161,047,608",-,-,"$161,047,608",100%
15,The Invisible Man,"$144,492,724","$70,410,000",48.7%,"$74,082,724",51.3%
16,Onward,"$141,940,042","$61,555,145",43.4%,"$80,384,897",56.6%
17,Warm Hug,"$129,240,236",-,-,"$129,240,236",100%
18,Soul,"$120,957,731",-,-,"$120,957,731",100%
19,The Call of the Wild,"$111,202,881","$62,342,368",56.1%,"$48,860,513",43.9%
20,Caught in Time,"$80,543,319",-,-,"$80,543,319",100%
21,Mulan,"$69,965,374",-,-,"$69,965,374",100%
22,The Yin-Yang Master: Dream of Eternity,"$68,000,000",-,-,"$68,000,000",100%
23,Stand by Me Doraemon 2,"$65,201,374",-,-,"$65,201,374",100%
24,The Rescue,"$64,203,587","$18,797",<0.1%,"$64,184,790",100%
25,Love You Forever,"$60,670,799",-,-,"$60,670,799",100%
26,Greenland,"$52,300,000",-,-,"$52,300,000",100%
27,Tolo Tolo,"$52,186,426",-,-,"$52,186,426",100%
28,Vanguard,"$50,866,901","$793,525",1.6%,"$50,073,376",98.4%
29,Fantasy Island,"$49,447,308","$27,309,289",55.2%,"$22,138,019",44.8%
30,Trolls 2: World Tour,"$49,276,818","$450,000",0.9%,"$48,826,818",99.1%
31,The New Mutants,"$49,169,594","$23,852,659",48.5%,"$25,316,935",51.5%
32,After We Collided,"$47,990,414","$2,386,483",5%,"$45,603,931",95%
33,"From Today, It's My Turn: The Movie","$47,895,887",-,-,"$47,895,887",100%
34,Tanhaji: The Unsung Warrior,"$45,221,814",-,-,"$45,221,814",100%
35,Unhinged,"$44,331,465","$20,831,465",47%,"$23,500,000",53%
36,The End of Endless Love,"$43,950,000",-,-,"$43,950,000",100%
37,The War with Grandpa,"$43,387,445","$21,277,892",49%,"$22,109,553",51%
38,Peninsula,"$42,698,327","$1,231,407",2.9%,"$41,466,920",97.1%
39,Monster Hunter,"$42,145,959","$15,162,470",36%,"$26,983,489",64%
40,Underwater,"$40,882,928","$17,291,078",42.3%,"$23,591,850",57.7%
41,Bloodshot,"$39,861,118","$12,561,824",31.5%,"$27,299,294",68.5%
42,Sarileru Neekevvaru,"$37,389,889","$821,000",2.2%,"$36,568,889",97.8%
43,New Interpretation Records of the Three Kingdoms,"$36,747,486",-,-,"$36,747,486",100%
44,The Confidence Man JP: Princess,"$36,109,913",-,-,"$36,109,913",100%
45,Black Panther 2020 Re-release,"$35,335,665","$367,000",1%,"$34,968,665",99%
46,The Man Standing Next,"$34,664,900","$113,527",0.3%,"$34,551,373",99.7%
47,My Mom is a Character 3,"$34,360,029",-,-,"$34,360,029",100%
48,Doraemon the Movie: Nobita's New Dinosaur,"$33,942,341",-,-,"$33,942,341",100%
49,Deliver Us from Evil,"$33,718,703",-,-,"$33,718,703",100%
50,Harry Potter and the Sorcerer's Stone 2020 Re-release,"$31,501,815",-,-,"$31,501,815",100%
51,Honest Thief,"$31,220,247","$14,163,574",45.4%,"$17,056,673",54.6%
52,Like a Boss,"$30,399,490","$22,169,514",72.9%,"$8,229,976",27.1%
53,The Witches,"$29,333,671","$203,571",0.7%,"$29,130,100",99.3%
54,Bath Buddy,"$28,700,000",-,-,"$28,700,000",100%
55,Scoob!,"$28,559,165","$2,188,425",7.7%,"$26,370,740",92.3%
56,Ala Vaikunthapurramuloo,"$28,477,890",-,-,"$28,477,890",100%
57,Emma.,"$26,404,660","$10,055,355",38.1%,"$16,349,305",61.9%
58,Leap,"$25,818,882","$83,074",0.3%,"$25,735,808",99.7%
59,The Father,"$24,713,279","$2,122,771",8.6%,"$22,590,508",91.4%
60,Interstellar 2020 Re-release,"$23,771,122",-,-,"$23,771,122",100%
61,Poupelle of Chimney Town,"$22,715,146",-,-,"$22,715,146",100%
62,Gretel & Hansel,"$22,304,357","$15,347,654",68.8%,"$6,956,703",31.2%
63,Stigmatized Properties,"$21,276,720",-,-,"$21,276,720",100%
64,Pokémon the Movie: Secrets of the Jungle,"$21,097,921",-,-,"$21,097,921",100%
65,The Photograph,"$20,690,779","$20,578,185",99.5%,"$112,594",0.5%
66,Yarn,"$20,474,270",-,-,"$20,474,270",100%
67,Violet Evergarden: The Movie,"$20,339,624",-,-,"$20,339,624",100%
68,Brahms: The Boy II,"$20,311,536","$12,611,536",62.1%,"$7,700,000",37.9%
69,Ice 2,"$19,788,995",-,-,"$19,788,995",100%
70,Soul Snatcher,"$19,561,221",-,-,"$19,561,221",100%
71,The Turning,"$19,428,166","$15,472,775",79.6%,"$3,955,391",20.4%
72,Fate/stay night [Heaven's Feel] III. spring song,"$19,252,497","$200,000",1%,"$19,052,497",99%
73,Promising Young Woman,"$18,854,166","$6,460,965",34.3%,"$12,393,201",65.7%
74,Takizawa Enbujo Zero,"$18,091,395",-,-,"$18,091,395",100%
75,Freaky,"$18,073,433","$9,030,855",50%,"$9,042,578",50%
76,The Promised Neverland,"$17,710,977",-,-,"$17,710,977",100%
77,Kaiji: Final Game,"$17,645,779",-,-,"$17,645,779",100%
78,Hitman: Agent Jun,"$17,601,351",-,-,"$17,601,351",100%
79,Digimon Adventure: Last Evolution Kizuna,"$17,361,009",-,-,"$17,361,009",100%
80,Moana 2020 Re-release,"$17,017,264",-,-,"$17,017,264",100%
81,Bye Bye Morons,"$16,955,924",-,-,"$16,955,924",100%
82,Baaghi 3,"$16,726,510","$721,439",4.3%,"$16,005,071",95.7%
83,I Still Believe,"$16,069,730","$9,868,521",61.4%,"$6,201,209",38.6%
84,The Way Back,"$15,480,704","$13,590,514",87.8%,"$1,890,190",12.2%
85,Padre no hay más que uno 2: La llegada de la suegra,"$15,373,181",-,-,"$15,373,181",100%
86,The Personal History of David Copperfield,"$14,399,270","$1,876,298",13%,"$12,522,972",87%
87,Nightlife,"$14,308,789",-,-,"$14,308,789",100%
88,Pawn,"$14,193,957",-,-,"$14,193,957",100%
89,#Alive,"$13,432,212",-,-,"$13,432,212",100%
90,Howling Village,"$13,394,556",-,-,"$13,394,556",100%
91,Come Play,"$13,182,254","$10,475,990",79.5%,"$2,706,264",20.5%
92,Samjin Company English Class,"$12,761,386",-,-,"$12,761,386",100%
93,Another Round,"$12,742,254",-,-,"$12,742,254",100%
94,News of the World,"$12,668,325","$12,668,325",100%,-,-
95,Collectors,"$12,640,113",-,-,"$12,640,113",100%
96,Shinchan: Crash! Scribble Kingdom and Almost Four Heroes,"$12,221,804",-,-,"$12,221,804",100%
97,Ducobu 3,"$12,157,793",-,-,"$12,157,793",100%
98,Wotakoi: Love Is Hard for Otaku,"$11,702,371",-,-,"$11,702,371",100%
99,30 jours max,"$11,007,713",-,-,"$11,007,713",100%
100,Bigfoot Family,"$10,987,975",-,-,"$10,987,975",100%
101,The Voice of Sin,"$10,983,063",-,-,"$10,983,063",100%
102,Let Him Go,"$10,835,686","$9,358,025",86.4%,"$1,477,661",13.6%
103,One Second,"$10,791,301",-,-,"$10,791,301",100%
104,Me contro Te - Il film: La vendetta del Signor S,"$10,779,891",-,-,"$10,779,891",100%
105,Impractical Jokers: The Movie,"$10,691,091","$10,691,091",100%,-,-
106,Two by Two: Overboard!,"$10,623,783",-,-,"$10,623,783",100%
107,Honest Candidate,"$10,597,464",-,-,"$10,597,464",100%
108,The Hunt,"$10,550,350","$5,812,500",55.1%,"$4,737,850",44.9%
109,Street Dancer 3D,"$10,339,127",-,-,"$10,339,127",100%
110,My Spy,"$10,200,000",-,-,"$10,200,000",100%
111,The Asadas,"$10,066,797",-,-,"$10,066,797",100%
112,Beauty and the Beast 2020 Re-release,"$10,055,094","$467,000",4.6%,"$9,588,094",95.4%
113,Stolen Identity 2,"$9,687,188",-,-,"$9,687,188",100%
114,100% Wolf,"$9,640,576","$658,764",6.8%,"$8,981,812",93.2%
115,10 Days with Dad,"$9,472,077","$2,359",<0.1%,"$9,469,718",100%
116,Secret Zoo,"$9,471,940",-,-,"$9,471,940",100%
117,365 Days,"$9,458,590",-,-,"$9,458,590",100%
118,Okay Madam,"$9,433,525",-,-,"$9,433,525",100%
119,L'appel de la forêt,"$9,317,347",-,-,"$9,317,347",100%
120,Inception 10th Anniversary re-release,"$9,100,000",-,-,"$9,100,000",100%
121,The Closet,"$9,039,424",-,-,"$9,039,424",100%
122,Malasaña 32,"$8,968,845",-,-,"$8,968,845",100%
123,Break the Silence: The Movie,"$8,954,345",-,-,"$8,954,345",100%
124,I Hate Summer,"$8,926,071",-,-,"$8,926,071",100%
125,Downhill,"$8,899,195","$8,287,061",93.1%,"$612,134",6.9%
126,Les blagues de Toto,"$8,859,185",-,-,"$8,859,185",100%
127,The Secret Garden,"$8,721,243",-,-,"$8,721,243",100%
128,Eltilerin Savasi,"$8,613,864",-,-,"$8,613,864",100%
129,Malang,"$8,399,765",-,-,"$8,399,765",100%
130,Your Eyes Tell,"$8,020,474",-,-,"$8,020,474",100%
131,"My Donkey, My Lover & I","$7,973,799","$152,184",1.9%,"$7,821,615",98.1%
132,AI Amok,"$7,932,191",-,-,"$7,932,191",100%
133,The Lost Prince,"$7,837,980",-,-,"$7,837,980",100%
134,Antebellum,"$7,792,716",-,-,"$7,792,716",100%
135,The Marriage Escape,"$7,760,946",-,-,"$7,760,946",100%
136,Spirited Away Studio Ghibli Fest 2020,"$7,732,435",-,-,"$7,732,435",100%
137,Princess Mononoke Studio Ghibli Fest 2020,"$7,673,207",-,-,"$7,673,207",100%
138,The Heist of the Century,"$7,627,100",-,-,"$7,627,100",100%
139,De Gaulle,"$7,501,454",-,-,"$7,501,454",100%
140,Fukushima 50,"$7,494,243",-,-,"$7,494,243",100%
141,The Best Years,"$7,354,583",-,-,"$7,354,583",100%
142,Mamma Mia! Here We Go Again 2020 Re-release,"$7,220,137",-,-,"$7,220,137",100%
143,The (UN)perfect Guy,"$7,154,649",-,-,"$7,154,649",100%
144,Bohemian Rhapsody 2020 Re-release,"$7,154,052","$240,000",3.4%,"$6,914,052",96.6%
145,Back to the Wharf,"$7,090,000",-,-,"$7,090,000",100%
146,Adu,"$7,085,946",-,-,"$7,085,946",100%
147,Fatale,"$7,031,289","$6,306,897",89.7%,"$724,392",10.3%
148,Spycies,"$6,989,285",-,-,"$6,989,285",100%
149,Dragon Rider,"$6,974,141",-,-,"$6,974,141",100%
150,Jim Button and the Wild 13,"$6,940,313",-,-,"$6,940,313",100%
151,Psy 3: W imie zasad,"$6,725,146",-,-,"$6,725,146",100%
152,Blood Moon Party,"$6,709,383",-,-,"$6,709,383",100%
153,Innocence,"$6,659,968",-,-,"$6,659,968",100%
154,Shubh Mangal Zyada Saavdhan,"$6,574,905",-,-,"$6,574,905",100%
155,Chhapaak,"$6,532,100","$604,334",9.3%,"$5,927,766",90.7%
156,"Love Me, Love Me Not","$6,494,241",-,-,"$6,494,241",100%
157,Hammamet,"$6,434,874",-,-,"$6,434,874",100%
158,Lindenberg! Mach dein Ding,"$6,404,964",-,-,"$6,404,964",100%
159,Midnight Swan,"$6,397,065",-,-,"$6,397,065",100%
160,Nausicaä of the Valley of the Wind 2020 Re-release,"$6,395,525",-,-,"$6,395,525",100%
161,Simply Black,"$6,323,750",-,-,"$6,323,750",100%
162,My Boyfriend's Meds,"$6,292,780","$2,971,116",47.2%,"$3,321,664",52.8%
163,Bill & Ted Face the Music,"$6,274,027","$3,439,660",54.8%,"$2,834,367",45.2%
164,Hotel Belgrade,"$6,199,413",-,-,"$6,199,413",100%
165,How to Be a Good Wife,"$6,029,102",-,-,"$6,029,102",100%
166,The Legacy Of Dr. Death: Black File,"$6,024,046",-,-,"$6,024,046",100%
167,The Rhythm Section,"$5,989,583","$5,437,971",90.8%,"$551,612",9.2%
168,Jak zostalem gangsterem. Historia prawdziwa,"$5,975,729",-,-,"$5,975,729",100%
169,A Piece of Cake,"$5,965,939",-,-,"$5,965,939",100%
170,The Lion King 2020 Re-release,"$5,948,352",-,-,"$5,948,352",100%
171,Twiceborn,"$5,880,157","$11,527",0.2%,"$5,868,630",99.8%
172,The Royal Bride,"$5,830,719",-,-,"$5,830,719",100%
173,Beasts Clawing at Straws,"$5,796,059",-,-,"$5,796,059",100%
174,Last Letter,"$5,663,972",-,-,"$5,663,972",100%
175,Yowamushi Pedal: The Movie 2020 Re-release,"$5,624,218",-,-,"$5,624,218",100%
176,Hocus Pocus 2020 Re-release,"$5,609,193","$4,828,000",86.1%,"$781,193",13.9%
177,Klassikokkutulek 2: Pulmad ja matused,"$5,543,147",-,-,"$5,543,147",100%
178,Mama Weed,"$5,460,480","$29,151",0.5%,"$5,431,329",99.5%
179,Divorce Club,"$5,316,313",-,-,"$5,316,313",100%
180,Cats & Dogs 3: Paws Unite,"$5,270,750",-,-,"$5,270,750",100%
181,Cindy la Regia,"$5,222,322",-,-,"$5,222,322",100%
182,Run,"$5,184,368",-,-,"$5,184,368",100%
183,Love Aaj Kal,"$5,120,794",-,-,"$5,120,794",100%
184,Masked Ward,"$5,107,013",-,-,"$5,107,013",100%
185,Ayyappanum Koshiyum,"$5,088,713",-,-,"$5,088,713",100%
186,Baba Parasi,"$5,084,342",-,-,"$5,084,342",100%
187,Die Känguru-Chroniken,"$5,081,127",-,-,"$5,081,127",100%
188,L'Innocente,"$5,067,054","$22,549",0.4%,"$5,044,505",99.6%
189,The Real Exorcist,"$5,035,830",-,-,"$5,035,830",100%
190,Mayday,"$5,011,408",-,-,"$5,011,408",100%
191,Bheeshma,"$4,997,080",-,-,"$4,997,080",100%
192,Made in Abyss: Dawn of the Deep Soul,"$4,971,635",-,-,"$4,971,635",100%
193,Godai - The Wunderkind,"$4,948,225",-,-,"$4,948,225",100%
194,Military Wives,"$4,890,505",-,-,"$4,890,505",100%
195,Panga,"$4,886,124","$582,720",11.9%,"$4,303,404",88.1%
196,The Tales for Old and Young,"$4,853,143",-,-,"$4,853,143",100%
197,Streltsov,"$4,850,073",-,-,"$4,850,073",100%
198,The SpongeBob Movie: Sponge on the Run,"$4,810,790","$4,810,790",100%,-,-
199,The Empty Man,"$4,796,993","$2,992,948",62.4%,"$1,804,045",37.6%
200,The Vets,"$4,788,826",-,-,"$4,788,826",100%
1,Avengers: Endgame,"$2,797,501,328","$858,373,000",30.7%,"$1,939,128,328",69.3%
2,The Lion King,"$1,656,943,394","$543,638,043",32.8%,"$1,113,305,351",67.2%
3,Frozen II,"$1,450,026,933","$477,373,578",32.9%,"$972,653,355",67.1%
4,Spider-Man: Far from Home,"$1,131,927,996","$390,532,085",34.5%,"$741,395,911",65.5%
5,Captain Marvel,"$1,128,274,794","$426,829,839",37.8%,"$701,444,955",62.2%
6,Joker,"$1,074,251,311","$335,451,311",31.2%,"$738,800,000",68.8%
7,Star Wars: Episode IX - The Rise of Skywalker,"$1,074,144,248","$515,202,542",48%,"$558,941,706",52%
8,Toy Story 4,"$1,073,394,593","$434,038,008",40.4%,"$639,356,585",59.6%
9,Aladdin,"$1,050,693,953","$355,559,216",33.8%,"$695,134,737",66.2%
10,Jumanji: The Next Level,"$801,693,929","$320,314,960",40%,"$481,378,969",60%
11,Fast & Furious Presents: Hobbs & Shaw,"$760,732,926","$173,956,935",22.9%,"$586,775,991",77.1%
12,Ne Zha,"$726,063,471","$3,695,533",0.5%,"$722,367,938",99.5%
13,The Wandering Earth,"$699,856,699","$5,971,413",0.9%,"$693,885,286",99.1%
14,How to Train Your Dragon: The Hidden World,"$521,799,505","$160,799,505",30.8%,"$361,000,000",69.2%
15,Maleficent: Mistress of Evil,"$491,730,089","$113,929,605",23.2%,"$377,800,484",76.8%
16,It Chapter Two,"$473,093,228","$211,593,228",44.7%,"$261,500,000",55.3%
17,"My People, My Country","$450,064,993","$2,356,683",0.5%,"$447,708,310",99.5%
18,Pokémon Detective Pikachu,"$433,005,346","$144,105,346",33.3%,"$288,900,000",66.7%
19,The Secret Life of Pets 2,"$431,058,056","$158,874,395",36.9%,"$272,183,661",63.1%
20,The Captain,"$417,282,021","$706,572",0.2%,"$416,575,449",99.8%
21,Alita: Battle Angel,"$404,980,543","$85,838,210",21.2%,"$319,142,333",78.8%
22,Godzilla: King of the Monsters,"$386,600,138","$110,500,138",28.6%,"$276,100,000",71.4%
23,1917,"$384,576,334","$159,227,644",41.4%,"$225,348,690",58.6%
24,Once Upon a Time in Hollywood,"$377,426,903","$142,502,728",37.8%,"$234,924,175",62.2%
25,Shazam!,"$365,971,656","$140,371,656",38.4%,"$225,600,000",61.6%
26,Dumbo,"$353,284,621","$114,766,307",32.5%,"$238,518,314",67.5%
27,John Wick: Chapter 3 - Parabellum,"$327,777,335","$171,015,687",52.2%,"$156,761,648",47.8%
28,Crazy Alien,"$327,598,891",-,-,"$327,598,891",100%
29,Knives Out,"$312,897,920","$165,363,234",52.8%,"$147,534,686",47.2%
30,Terminator: Dark Fate,"$261,119,292","$62,253,077",23.8%,"$198,866,215",76.2%
31,Parasite,"$258,704,857","$53,369,749",20.6%,"$205,335,108",79.4%
32,Us,"$256,022,707","$175,084,580",68.4%,"$80,938,127",31.6%
33,Pegasus,"$255,863,112",-,-,"$255,863,112",100%
34,Men in Black: International,"$253,890,701","$80,001,807",31.5%,"$173,888,894",68.5%
35,X-Men: Dark Phoenix,"$252,442,974","$65,845,974",26.1%,"$186,597,000",73.9%
36,Glass,"$246,999,039","$111,048,468",45%,"$135,950,571",55%
37,The Bravest,"$245,179,562","$290,217",0.1%,"$244,889,345",99.9%
38,Annabelle Comes Home,"$231,252,591","$74,152,591",32.1%,"$157,100,000",67.9%
39,Better Days,"$225,918,798","$1,921,657",0.9%,"$223,997,141",99.1%
40,Ford v Ferrari,"$225,508,210","$117,624,357",52.2%,"$107,883,853",47.8%
41,Little Women,"$218,843,645","$108,101,214",49.4%,"$110,742,431",50.6%
42,The Addams Family,"$203,044,905","$100,044,905",49.3%,"$103,000,000",50.7%
43,Rocketman,"$195,320,400","$96,368,160",49.3%,"$98,952,240",50.7%
44,Downton Abbey,"$194,694,725","$96,853,865",49.7%,"$97,840,860",50.3%
45,Weathering with You,"$193,357,082","$8,056,636",4.2%,"$185,300,446",95.8%
46,The Lego Movie 2: The Second Part,"$192,306,508","$105,806,508",55%,"$86,500,000",45%
47,Sheep Without a Shepherd,"$191,602,146",-,-,"$191,602,146",100%
48,The White Storm 2: Drug Lords,"$189,396,380","$609,461",0.3%,"$188,786,919",99.7%
49,Abominable,"$188,623,517","$60,716,390",32.2%,"$127,907,127",67.8%
50,Ip Man 4: The Finale,"$176,345,966","$3,956,031",2.2%,"$172,389,935",97.8%
51,Gemini Man,"$173,469,516","$48,546,770",28%,"$124,922,746",72%
52,Spies in Disguise,"$171,616,764","$66,757,013",38.9%,"$104,859,751",61.1%
53,Hustlers,"$157,563,598","$104,963,598",66.6%,"$52,600,000",33.4%
54,The Climbers,"$156,892,866","$487,157",0.3%,"$156,405,709",99.7%
55,Escape Room,"$155,712,077","$57,005,601",36.6%,"$98,706,476",63.4%
56,Yesterday,"$154,608,507","$73,286,650",47.4%,"$81,321,857",52.6%
57,The Angry Birds Movie 2,"$147,792,047","$41,667,116",28.2%,"$106,124,931",71.8%
58,Angel Has Fallen,"$146,661,977","$69,030,436",47.1%,"$77,631,541",52.9%
59,Ad Astra,"$127,461,872","$50,188,370",39.4%,"$77,273,502",60.6%
60,Midway,"$127,420,861","$56,846,802",44.6%,"$70,574,059",55.4%
61,The Upside,"$125,852,517","$108,252,517",86%,"$17,600,000",14%
62,Last Christmas,"$123,446,172","$35,150,750",28.5%,"$88,295,422",71.5%
63,The Curse of La Llorona,"$123,133,739","$54,733,739",44.5%,"$68,400,000",55.5%
64,Looking Up,"$122,994,583","$84,267",<0.1%,"$122,910,316",99.9%
65,Zombieland: Double Tap,"$122,810,399","$73,123,082",59.5%,"$49,687,317",40.5%
66,Dora and the Lost City of Gold,"$120,597,108","$60,477,943",50.1%,"$60,119,165",49.9%
67,Extreme Job,"$119,932,733","$1,565,885",1.3%,"$118,366,848",98.7%
68,Wonder Park,"$119,559,110","$45,216,793",37.8%,"$74,342,317",62.2%
69,P Storm,"$117,991,727","$326,711",0.3%,"$117,665,016",99.7%
70,Detective Conan: The Fist of Blue Sapphire,"$115,570,314",-,-,"$115,570,314",100%
71,The Gentlemen,"$115,171,795","$36,471,795",31.7%,"$78,700,000",68.3%
72,Pet Sematary,"$113,118,226","$54,724,696",48.4%,"$58,393,530",51.6%
73,Boonie Bears: Blast Into the Past,"$112,367,881",-,-,"$112,367,881",100%
74,Good Boys,"$111,173,598","$83,140,306",74.8%,"$28,033,292",25.2%
75,Scary Stories to Tell in the Dark,"$104,545,505","$68,947,075",65.9%,"$35,598,430",34.1%
76,Line Walker 2: Invisible Spy,"$99,482,027","$296,751",0.3%,"$99,185,276",99.7%
77,The Hustle,"$97,409,779","$35,417,038",36.4%,"$61,992,741",63.6%
78,The New King of Comedy,"$95,618,308",-,-,"$95,618,308",100%
79,Adoring,"$94,975,692",-,-,"$94,975,692",100%
80,Five Feet Apart,"$92,554,209","$45,729,221",49.4%,"$46,824,988",50.6%
81,Crawl,"$91,542,097","$39,014,193",42.6%,"$52,527,904",57.4%
82,Rambo: Last Blood,"$91,490,353","$44,819,352",49%,"$46,671,001",51%
83,Jojo Rabbit,"$90,335,025","$33,370,906",36.9%,"$56,964,119",63.1%
84,Serial (Bad) Weddings 2,"$87,761,988",-,-,"$87,761,988",100%
85,One Piece: Stampede,"$81,562,741","$1,298,528",1.6%,"$80,264,213",98.4%
86,A Dog's Way Home,"$80,708,134","$42,004,346",52%,"$38,703,788",48%
87,A Dog's Journey,"$78,870,908","$22,782,371",28.9%,"$56,088,537",71.1%
88,Cold Pursuit,"$76,419,755","$32,138,862",42.1%,"$44,280,893",57.9%
89,Cats,"$75,558,925","$27,166,770",36%,"$48,392,155",64%
90,A Madea Family Funeral,"$74,747,725","$73,257,045",98%,"$1,490,680",2%
91,Charlie's Angels,"$73,279,888","$17,803,077",24.3%,"$55,476,811",75.7%
92,Doctor Sleep,"$72,381,712","$31,581,712",43.6%,"$40,800,000",56.4%
93,What Men Want,"$72,216,294","$54,611,903",75.6%,"$17,604,391",24.4%
94,Exit,"$69,501,772","$470,699",0.7%,"$69,031,073",99.3%
95,After,"$69,497,587","$12,138,565",17.5%,"$57,359,022",82.5%
96,Playing with Fire,"$69,412,425","$44,451,847",64%,"$24,960,578",36%
97,A Beautiful Day in the Neighborhood,"$67,925,733","$61,704,055",90.8%,"$6,221,678",9.2%
98,War,"$67,179,155","$4,654,000",6.9%,"$62,525,155",93.1%
99,Eiga Doraemon: Nobita no getsumen tansaki,"$65,406,606",-,-,"$65,406,606",100%
100,Happy Death Day 2U,"$64,600,152","$28,148,130",43.6%,"$36,452,022",56.4%
101,White Snake,"$62,098,770","$34,730",<0.1%,"$62,064,040",99.9%
102,Bombshell,"$61,404,394","$31,762,808",51.7%,"$29,641,586",48.3%
103,Ashfall,"$61,354,854","$372,562",0.6%,"$60,982,292",99.4%
104,Ma,"$61,220,784","$45,896,028",75%,"$15,324,756",25%
105,My Best Summer,"$60,011,073",-,-,"$60,011,073",100%
106,Ready or Not,"$57,615,777","$28,714,231",49.8%,"$28,901,546",50.2%
107,Jade Dynasty,"$57,149,764",-,-,"$57,149,764",100%
108,The Perfect Secret,"$56,573,047",-,-,"$56,573,047",100%
109,The Big Shot,"$56,040,681",-,-,"$56,040,681",100%
110,Hellboy,"$55,064,690","$21,903,748",39.8%,"$33,160,942",60.2%
111,Long Shot,"$53,873,809","$30,316,271",56.3%,"$23,557,538",43.7%
112,Just Mercy,"$50,851,872","$36,001,502",70.8%,"$14,850,370",29.2%
113,Son of a Rich,"$50,803,834",-,-,"$50,803,834",100%
114,Kingdom,"$50,574,061",-,-,"$50,574,061",100%
115,Breakthrough,"$50,444,358","$40,713,082",80.7%,"$9,731,276",19.3%
116,Uncut Gems,"$50,023,780","$50,023,780",100%,-,-
117,21 Bridges,"$49,939,757","$28,539,757",57.1%,"$21,400,000",42.9%
118,Song of Youth,"$49,615,508",-,-,"$49,615,508",100%
119,The Grudge,"$49,511,319","$21,221,803",42.9%,"$28,289,516",57.1%
120,Little,"$48,987,096","$40,860,481",83.4%,"$8,126,615",16.6%
121,Isn't It Romantic,"$48,791,187","$48,791,187",100%,-,-
122,The Legend of Hei,"$48,507,082",-,-,"$48,507,082",100%
123,Countdown,"$48,021,766","$25,621,766",53.4%,"$22,400,000",46.6%
124,Midsommar,"$47,863,365","$27,426,361",57.3%,"$20,437,004",42.7%
125,Queen & Slim,"$47,861,346","$43,808,310",91.5%,"$4,053,036",8.5%
126,47 Meters Down: Uncaged,"$47,582,563","$22,260,900",46.8%,"$25,321,663",53.2%
127,Chasing the Dragon II: Wild Wild Bunch,"$45,733,356","$196,634",0.4%,"$45,536,722",99.6%
128,Judy,"$45,701,880","$24,313,888",53.2%,"$21,387,992",46.8%
129,Child's Play,"$44,907,074","$29,208,403",65%,"$15,698,671",35%
130,Richard Jewell,"$44,655,962","$22,345,542",50%,"$22,310,420",50%
131,Harriet,"$43,347,017","$43,082,155",99.4%,"$264,862",0.6%
132,A Shaun the Sheep Movie: Farmageddon,"$43,100,248",-,-,"$43,100,248",100%
133,Fighting with My Family,"$41,503,392","$22,958,886",55.3%,"$18,544,506",44.7%
134,Masquerade Hotel,"$40,396,244",-,-,"$40,396,244",100%
135,The Last Wish,"$39,756,292",-,-,"$39,756,292",100%
136,Uri: The Surgical Strike,"$39,346,577","$4,186,168",10.6%,"$35,160,409",89.4%
137,Overcomer,"$38,026,103","$34,746,945",91.4%,"$3,279,158",8.6%
138,T-34,"$37,410,850",-,-,"$37,410,850",100%
139,Pain and Glory,"$37,359,689","$4,567,338",12.2%,"$32,792,351",87.8%
140,A Witness Out of the Blue,"$37,092,694",-,-,"$37,092,694",100%
141,The Intruder,"$36,599,361","$35,419,122",96.8%,"$1,180,239",3.2%
142,The Queen's Corgi,"$35,515,687",-,-,"$35,515,687",100%
143,Warrior of the Hornor,"$34,291,831",-,-,"$34,291,831",100%
144,The Battle: Roar to Victory,"$34,148,707",-,-,"$34,148,707",100%
145,The Bad Guys: The Movie,"$34,024,386","$166,972",0.5%,"$33,857,414",99.5%
146,The Good Liar,"$33,856,058","$17,156,058",50.7%,"$16,700,000",49.3%
147,The Art of Racing in the Rain,"$33,766,787","$26,395,642",78.2%,"$7,371,145",21.8%
148,Brightburn,"$33,224,654","$17,300,439",52.1%,"$15,924,215",47.9%
149,Bharat,"$33,185,983","$2,971,549",9%,"$30,214,434",91%
150,Fly Me to the Saitama,"$32,802,347",-,-,"$32,802,347",100%
151,UglyDolls,"$32,450,241","$20,150,241",62.1%,"$12,300,000",37.9%
152,Stuber,"$32,390,945","$22,370,452",69.1%,"$10,020,493",30.9%
153,Hit Me Anyone One More Time!,"$32,333,512",-,-,"$32,333,512",100%
154,Somewhere Winter,"$32,218,990",-,-,"$32,218,990",100%
155,The Kid Who Would Be King,"$32,140,970","$16,790,790",52.2%,"$15,350,180",47.8%
156,Two Tigers,"$32,001,580",-,-,"$32,001,580",100%
157,Anna,"$31,626,978","$7,743,794",24.5%,"$23,883,184",75.5%
158,My Dear Liar,"$31,177,968","$90,545",0.3%,"$31,087,423",99.7%
159,The Wild Goose Lake,"$31,064,835","$12,573",<0.1%,"$31,052,262",100%
160,My Hero Academia: Heroes Rising,"$29,971,229","$13,304,000",44.4%,"$16,667,229",55.6%
161,Fall In Love At First Kiss,"$29,206,238",-,-,"$29,206,238",100%
162,Gully Boy,"$28,299,498","$5,566,534",19.7%,"$22,732,964",80.3%
163,Kim Ji-young: Born 1982,"$27,696,393",-,-,"$27,696,393",100%
164,Pokémon: Mewtwo Strikes Back - Evolution,"$27,347,118",-,-,"$27,347,118",100%
165,Almost a Comedy,"$26,990,962",-,-,"$26,990,962",100%
166,Total Dhamaal,"$26,911,995","$2,167,632",8.1%,"$24,744,363",91.9%
167,Missing Link,"$26,565,710","$16,649,539",62.7%,"$9,916,171",37.3%
168,No Manches Frida 2,"$26,493,648","$9,270,920",35%,"$17,222,728",65%
169,The Confidence Man JP,"$26,228,317",-,-,"$26,228,317",100%
170,Confidence man JP the movie,"$25,958,189",-,-,"$25,958,189",100%
171,"The Gangster, the Cop, the Devil","$25,775,371","$216,494",0.8%,"$25,558,877",99.2%
172,Bodies at Rest,"$25,293,853",-,-,"$25,293,853",100%
173,Booksmart,"$24,959,607","$22,680,962",90.9%,"$2,278,645",9.1%
174,Super 30,"$24,701,637","$2,269,878",9.2%,"$22,431,759",90.8%
175,Skyfire,"$24,444,590","$1,105",<0.1%,"$24,443,485",100%
176,Start-Up,"$24,106,579",-,-,"$24,106,579",100%
177,Pinocchio,"$23,841,090","$1,831,718",7.7%,"$22,009,372",92.3%
178,A Rainy Day in New York,"$23,805,899",-,-,"$23,805,899",100%
179,The Peanut Butter Falcon,"$23,712,090","$20,457,151",86.3%,"$3,254,939",13.7%
180,Little White Lies 2,"$23,623,665",-,-,"$23,623,665",100%
181,Ossan's Love: Love or Dead,"$23,422,744",-,-,"$23,422,744",100%
182,Only Cloud Knows,"$23,414,998",-,-,"$23,414,998",100%
183,Dark Waters,"$23,108,017","$11,136,084",48.2%,"$11,971,933",51.8%
184,The Farewell,"$23,076,657","$17,695,781",76.7%,"$5,380,876",23.3%
185,The Knight of Shadows: Between Yin and Yang,"$22,774,256",-,-,"$22,774,256",100%
186,Black and Blue,"$22,741,061","$22,055,313",97%,"$685,748",3%
187,Late Night,"$22,386,555","$15,499,454",69.2%,"$6,887,101",30.8%
188,Les Misérables,"$22,342,519","$330,181",1.5%,"$22,012,338",98.5%
189,Crazy Romance,"$21,386,368",-,-,"$21,386,368",100%
190,Shaft,"$21,360,215","$21,360,215",100%,-,-
191,Unplanned,"$21,354,152","$19,005,109",89%,"$2,349,043",11%
192,Hotel Mumbai,"$21,314,816","$9,651,611",45.3%,"$11,663,205",54.7%
193,Integrity,"$21,290,004",-,-,"$21,290,004",100%
194,The Secret Mission,"$21,083,522",-,-,"$21,083,522",100%
195,This Is Tomas,"$20,084,169",-,-,"$20,084,169",100%
196,The Specials,"$19,363,826",-,-,"$19,363,826",100%
197,Always Miss You,"$19,015,465","$91,884",0.5%,"$18,923,581",99.5%
198,An Officer and a Spy,"$18,899,214",-,-,"$18,899,214",100%
199,Crayon Shin-chan: Honeymoon Hurricane - The Lost Hiroshi,"$18,738,951",-,-,"$18,738,951",100%
200,Greta,"$18,653,107","$10,532,219",56.5%,"$8,120,888",43.5%
1,Avengers: Infinity War,"$2,048,359,754","$678,815,482",33.1%,"$1,369,544,272",66.9%
2,Black Panther,"$1,346,913,161","$700,059,566",52%,"$646,853,595",48%
3,Jurassic World: Fallen Kingdom,"$1,308,467,944","$417,719,760",31.9%,"$890,748,184",68.1%
4,Incredibles 2,"$1,242,805,359","$608,581,744",49%,"$634,223,615",51%
5,Aquaman,"$1,148,461,807","$335,061,807",29.2%,"$813,400,000",70.8%
6,Bohemian Rhapsody,"$903,655,259","$216,428,042",24%,"$687,227,217",76%
7,Venom,"$856,085,151","$213,515,506",24.9%,"$642,569,645",75.1%
8,Mission: Impossible - Fallout,"$791,115,104","$220,159,104",27.8%,"$570,956,000",72.2%
9,Deadpool 2,"$734,546,611","$318,491,426",43.4%,"$416,055,185",56.6%
10,Fantastic Beasts: The Crimes of Grindelwald,"$654,855,901","$159,555,901",24.4%,"$495,300,000",75.6%
11,Ant-Man and the Wasp,"$622,674,139","$216,648,740",34.8%,"$406,025,399",65.2%
12,Ready Player One,"$582,890,172","$137,690,172",23.6%,"$445,200,000",76.4%
13,Operation Red Sea,"$579,330,426","$1,543,547",0.3%,"$577,786,879",99.7%
14,Detective Chinatown 2,"$544,185,156","$1,983,984",0.4%,"$542,201,172",99.6%
15,The Meg,"$530,243,742","$145,443,742",27.4%,"$384,800,000",72.6%
16,Ralph Breaks the Internet,"$529,323,962","$201,091,711",38%,"$328,232,251",62%
17,Hotel Transylvania 3: Summer Vacation,"$528,583,774","$167,510,016",31.7%,"$361,073,758",68.3%
18,The Grinch,"$511,595,957","$270,620,950",52.9%,"$240,975,007",47.1%
19,Bumblebee,"$467,989,645","$127,195,589",27.2%,"$340,794,056",72.8%
20,Dying to Survive,"$451,176,639",-,-,"$451,176,639",100%
21,A Star Is Born,"$436,188,866","$215,288,866",49.4%,"$220,900,000",50.6%
22,Rampage,"$428,028,233","$101,028,233",23.6%,"$327,000,000",76.4%
23,Mamma Mia! Here We Go Again,"$395,044,706","$120,634,935",30.5%,"$274,409,771",69.5%
24,Solo: A Star Wars Story,"$392,924,807","$213,767,512",54.4%,"$179,157,295",45.6%
25,Spider-Man: Into the Spider-Verse,"$375,540,831","$190,241,310",50.7%,"$185,299,521",49.3%
26,Fifty Shades Freed,"$371,985,018","$100,407,760",27%,"$271,577,258",73%
27,Hello Mr. Billionaire,"$366,961,907",-,-,"$366,961,907",100%
28,The Nun,"$365,550,119","$117,450,119",32.1%,"$248,100,000",67.9%
29,Monster Hunt 2,"$361,682,618","$706,153",0.2%,"$360,976,465",99.8%
30,Peter Rabbit,"$351,266,433","$115,253,424",32.8%,"$236,013,009",67.2%
31,Mary Poppins Returns,"$349,537,494","$171,958,438",49.2%,"$177,579,056",50.8%
32,A Quiet Place,"$340,939,361","$188,024,361",55.1%,"$152,915,000",44.9%
33,Green Book,"$321,752,656","$85,080,171",26.4%,"$236,672,485",73.6%
34,Skyscraper,"$304,868,961","$68,420,120",22.4%,"$236,448,841",77.6%
35,Ocean's Eight,"$297,718,711","$140,218,711",47.1%,"$157,500,000",52.9%
36,Pacific Rim: Uprising,"$290,930,148","$59,874,525",20.6%,"$231,055,623",79.4%
37,Maze Runner: The Death Cure,"$288,175,335","$58,032,443",20.1%,"$230,142,892",79.9%
38,Tomb Raider,"$274,650,803","$58,250,803",21.2%,"$216,400,000",78.8%
39,Halloween,"$255,485,178","$159,342,015",62.4%,"$96,143,163",37.6%
40,Crazy Rich Asians,"$238,532,921","$174,532,921",73.2%,"$64,000,000",26.8%
41,Creed II,"$214,215,889","$115,715,889",54%,"$98,500,000",46%
42,Smallfoot,"$214,040,103","$83,240,103",38.9%,"$130,800,000",61.1%
43,Us and Them,"$209,221,380",-,-,"$209,221,380",100%
44,The Island,"$198,326,350","$670,883",0.3%,"$197,655,467",99.7%
45,Christopher Robin,"$197,744,377","$99,215,042",50.2%,"$98,529,335",49.8%
46,The Equalizer 2,"$190,400,157","$102,084,362",53.6%,"$88,315,795",46.4%
47,Project Gutenberg,"$188,116,796",-,-,"$188,116,796",100%
48,The Mule,"$174,804,407","$103,804,407",59.4%,"$71,000,000",40.6%
49,The Nutcracker and the Four Realms,"$173,961,069","$54,858,851",31.5%,"$119,102,218",68.5%
50,Insidious: The Last Key,"$167,885,588","$67,745,330",40.4%,"$100,140,258",59.6%
51,The Predator,"$160,542,134","$51,024,708",31.8%,"$109,517,426",68.2%
52,Johnny English Strikes Again,"$158,970,776","$4,412,170",2.8%,"$154,558,606",97.2%
53,Red Sparrow,"$151,572,634","$46,874,505",30.9%,"$104,698,129",69.1%
54,More Than Blue,"$142,958,164","$722,669",0.5%,"$142,235,495",99.5%
55,The First Purge,"$137,056,262","$69,488,745",50.7%,"$67,567,517",49.3%
56,How Long Will I Love U,"$136,796,719","$746,933",0.5%,"$136,049,786",99.5%
57,A Wrinkle in Time,"$132,675,864","$100,478,608",75.7%,"$32,197,256",24.3%
58,The House with a Clock in Its Walls,"$131,457,147","$68,549,695",52.1%,"$62,907,452",47.9%
59,Instant Family,"$120,556,201","$67,363,237",55.9%,"$53,192,964",44.1%
60,A Cool Fish,"$118,153,135","$551,876",0.5%,"$117,601,259",99.5%
61,Game Night,"$117,679,066","$69,179,066",58.8%,"$48,500,000",41.2%
62,Dragon Ball Super: Broly,"$115,757,940","$30,712,119",26.5%,"$85,045,821",73.5%
63,The Monkey King 3,"$115,084,576","$187,074",0.2%,"$114,897,502",99.8%
64,First Man,"$105,697,415","$44,936,545",42.5%,"$60,760,870",57.5%
65,Book Club,"$104,438,188","$68,566,296",65.7%,"$35,871,892",34.3%
66,Night School,"$103,105,878","$77,339,130",75%,"$25,766,748",25%
67,Detective Conan: Zero the Enforcer,"$101,860,359",-,-,"$101,860,359",100%
68,Alpha,"$99,630,675","$35,857,181",36%,"$63,773,494",64%
69,Along With the Gods: The Last 49 Days,"$97,962,238","$1,200,246",1.2%,"$96,761,992",98.8%
70,A Simple Favor,"$97,644,617","$53,548,586",54.8%,"$44,096,031",45.2%
71,Boonie Bears: The Big Shrink,"$96,845,907",-,-,"$96,845,907",100%
72,The Favourite,"$95,918,706","$34,366,783",35.8%,"$61,551,923",64.2%
73,Truth or Dare,"$95,330,493","$41,411,015",43.4%,"$53,919,478",56.6%
74,Kill Mobile,"$94,870,905",-,-,"$94,870,905",100%
75,I Feel Pretty,"$94,539,426","$48,795,601",51.6%,"$45,743,825",48.4%
76,Blockers,"$94,017,294","$60,311,495",64.1%,"$33,705,799",35.9%
77,BlacKkKlansman,"$93,400,823","$49,275,340",52.8%,"$44,125,483",47.2%
78,Goosebumps 2: Slappy's Revenge,"$93,320,380","$46,700,633",50%,"$46,619,747",50%
79,Shadow,"$91,708,374","$521,396",0.6%,"$91,186,978",99.4%
80,Overboard,"$91,244,913","$50,316,123",55.1%,"$40,928,790",44.9%
81,Sherlock Gnomes,"$90,497,778","$43,242,871",47.8%,"$47,254,907",52.2%
82,Detective Dee: The Four Heavenly Kings,"$90,040,771","$262,963",0.3%,"$89,777,808",99.7%
83,"Hello, Mrs. Money","$86,874,070",-,-,"$86,874,070",100%
84,Robin Hood,"$86,489,031","$30,824,628",35.6%,"$55,664,403",64.4%
85,I Can Only Imagine,"$86,086,881","$83,482,352",97%,"$2,604,529",3%
86,Hidden Man,"$85,170,581",-,-,"$85,170,581",100%
87,Mortal Engines,"$83,672,673","$15,951,040",19.1%,"$67,721,633",80.9%
88,iPartment the Movie,"$81,096,321",-,-,"$81,096,321",100%
89,Doraemon the Movie: Nobita's Treasure Island,"$80,920,916",-,-,"$80,920,916",100%
90,Den of Thieves,"$80,509,622","$44,947,622",55.8%,"$35,562,000",44.2%
91,Hereditary,"$80,200,936","$44,069,456",54.9%,"$36,131,480",45.1%
92,Code Blue: The Movie,"$78,778,562",-,-,"$78,778,562",100%
93,Tag,"$78,130,625","$54,730,625",70.1%,"$23,400,000",29.9%
94,Sanju,"$76,693,052","$7,909,317",10.3%,"$68,783,735",89.7%
95,Vice,"$76,073,488","$47,836,282",62.9%,"$28,237,206",37.1%
96,Widows,"$75,984,700","$42,402,632",55.8%,"$33,582,068",44.2%
97,Sicario: Day of the Soldado,"$75,837,743","$50,072,235",66%,"$25,765,508",34%
98,Searching,"$75,462,037","$26,020,957",34.5%,"$49,441,080",65.5%
99,The Spy Who Dumped Me,"$75,320,680","$33,562,069",44.6%,"$41,758,611",55.4%
100,Animal World,"$74,922,830",-,-,"$74,922,830",100%
101,Amazing China,"$72,506,343",-,-,"$72,506,343",100%
102,Second Act,"$72,282,227","$39,282,227",54.3%,"$33,000,000",45.7%
103,Spirited Away 2018 Re-release,"$70,186,029","$1,175,067",1.7%,"$69,010,962",98.3%
104,Shoplifters,"$67,999,335","$3,313,513",4.9%,"$64,685,822",95.1%
105,12 Strong,"$67,450,815","$45,819,713",67.9%,"$21,631,102",32.1%
106,"Love, Simon","$66,316,289","$40,826,341",61.6%,"$25,489,948",38.4%
107,Mile 22,"$66,308,758","$36,108,758",54.5%,"$30,200,000",45.5%
108,Life of the Party,"$65,859,911","$53,059,911",80.6%,"$12,800,000",19.4%
109,L Storm,"$64,517,456",-,-,"$64,517,456",100%
110,Capernaum,"$64,417,003","$1,661,096",2.6%,"$62,755,907",97.4%
111,Isle of Dogs,"$64,241,499","$32,015,231",49.8%,"$32,226,268",50.2%
112,Andhadhun,"$62,475,342","$1,193,046",1.9%,"$61,282,296",98.1%
113,Adrift,"$59,945,012","$31,445,012",52.5%,"$28,500,000",47.5%
114,The 15:17 to Paris,"$57,076,286","$36,276,286",63.6%,"$20,800,000",36.4%
115,A or B,"$56,239,049",-,-,"$56,239,049",100%
116,Go Brother!,"$54,663,060",-,-,"$54,663,060",100%
117,Early Man,"$54,622,814","$8,267,544",15.1%,"$46,355,270",84.9%
118,Peppermint,"$53,918,723","$35,418,723",65.7%,"$18,500,000",34.3%
119,Teen Titans GO! To the Movies,"$52,090,236","$29,790,236",57.2%,"$22,300,000",42.8%
120,Slender Man,"$51,738,549","$30,569,484",59.1%,"$21,169,065",40.9%
121,Breaking In,"$51,411,620","$46,840,590",91.1%,"$4,571,030",8.9%
122,Cry Me a Sad River,"$51,400,614",-,-,"$51,400,614",100%
123,Once Upon a Deadpool 2018 Re-release,"$51,349,833","$6,100,309",11.9%,"$45,249,524",88.1%
124,Simmba,"$51,329,025","$5,102,129",9.9%,"$46,226,896",90.1%
125,Family is Family,"$49,954,866",-,-,"$49,954,866",100%
126,Death Wish,"$49,562,710","$34,017,028",68.6%,"$15,545,682",31.4%
127,The Magic Tuche,"$47,427,990",-,-,"$47,427,990",100%
128,Golden Job,"$47,287,851","$285,795",0.6%,"$47,002,056",99.4%
129,Mary Queen of Scots,"$46,712,809","$16,468,499",35.3%,"$30,244,310",64.7%
130,Uncle Drew,"$46,664,414","$42,469,946",91%,"$4,194,468",9%
131,Acrimony,"$46,403,669","$43,549,096",93.8%,"$2,854,573",6.2%
132,Asterix: The Secret of the Magic Potion,"$45,972,321","$1,271,953",2.8%,"$44,700,368",97.2%
133,Bajrangi Bhaijaan 2018 Re-release,"$45,579,004",-,-,"$45,579,004",100%
134,Winchester,"$44,019,588","$25,091,816",57%,"$18,927,772",43%
135,Annihilation,"$43,070,915","$32,732,301",76%,"$10,338,614",24%
136,The Possession of Hannah Grace,"$43,016,528","$14,837,422",34.5%,"$28,179,106",65.5%
137,Long Day's Journey Into Night,"$42,140,994","$521,365",1.2%,"$41,619,629",98.8%
138,Overlord,"$41,657,844","$21,704,844",52.1%,"$19,953,000",47.9%
139,The Great Battle,"$41,509,280","$472,166",1.1%,"$41,037,114",98.9%
140,The Darkest Minds,"$41,142,379","$12,695,691",30.9%,"$28,446,688",69.1%
141,"Lost, Found","$41,043,552",-,-,"$41,043,552",100%
142,Holmes & Watson,"$40,466,970","$30,573,626",75.6%,"$9,893,344",24.4%
143,Intimate Strangers,"$39,576,060",-,-,"$39,576,060",100%
144,Thugs of Hindostan,"$39,570,044","$1,449,848",3.7%,"$38,120,196",96.3%
145,Sink or Swim,"$39,193,850",-,-,"$39,193,850",100%
146,Show Dogs,"$39,156,854","$17,857,020",45.6%,"$21,299,834",54.4%
147,Believer,"$39,047,153","$365,639",0.9%,"$38,681,514",99.1%
148,The Spy Gone North,"$38,844,509","$500,803",1.3%,"$38,343,706",98.7%
149,On the Basis of Sex,"$38,673,750","$24,622,687",63.7%,"$14,051,063",36.3%
150,Taxi 5,"$38,598,227",-,-,"$38,598,227",100%
151,Fat Buddies,"$37,496,410",-,-,"$37,496,410",100%
152,Till The End Of The World,"$37,013,733","$118,660",0.3%,"$36,895,073",99.7%
153,2.0,"$36,945,969","$4,152,000",11.2%,"$32,793,969",88.8%
154,Nothing to Lose,"$36,075,317","$1,016,188",2.8%,"$35,059,129",97.2%
155,Mia and the White Lion,"$35,487,190","$399,471",1.1%,"$35,087,719",98.9%
156,The Girl in the Spider's Web,"$35,164,920","$14,841,338",42.2%,"$20,323,582",57.8%
157,The Hate U Give,"$34,934,009","$29,719,483",85.1%,"$5,214,526",14.9%
158,Nobody's Fool,"$33,705,333","$31,713,110",94.1%,"$1,992,223",5.9%
159,Baaghi 2,"$33,139,063","$1,319,579",4%,"$31,819,484",96%
160,The Hurricane Heist,"$32,517,248","$6,115,825",18.8%,"$26,401,423",81.2%
161,All About Me,"$31,920,159",-,-,"$31,920,159",100%
162,Bad Times at the El Royale,"$31,882,724","$17,839,115",56%,"$14,043,609",44%
163,Beautiful Boy,"$31,711,319","$7,649,973",24.1%,"$24,061,346",75.9%
164,Hunter Killer,"$31,672,678","$15,767,460",49.8%,"$15,905,218",50.2%
165,Super Troopers 2,"$31,626,386","$30,617,396",96.8%,"$1,008,990",3.2%
166,The Strangers: Prey at Night,"$31,039,126","$24,586,708",79.2%,"$6,452,418",20.8%
167,Gintama 2: Rules are Made to be Broken,"$30,896,653",-,-,"$30,896,653",100%
168,The Way of the Bug,"$30,355,804",-,-,"$30,355,804",100%
169,Clergy,"$30,114,115",-,-,"$30,114,115",100%
170,Ice,"$29,806,210",-,-,"$29,806,210",100%
171,Free Solo,"$29,390,279","$17,541,090",59.7%,"$11,849,189",40.3%
172,Dark Figure of Crime,"$29,176,133",-,-,"$29,176,133",100%
173,Pad Man,"$29,045,020","$1,670,192",5.8%,"$27,374,828",94.2%
174,Mirai,"$28,756,961","$812,794",2.8%,"$27,944,167",97.2%
175,Default,"$27,694,043","$203,775",0.7%,"$27,490,268",99.3%
176,One Cut of the Dead,"$27,590,180","$52,406",0.2%,"$27,537,774",99.8%
177,The Happytime Murders,"$27,506,452","$20,706,452",75.3%,"$6,800,000",24.7%
178,Midnight Sun,"$27,365,467","$9,561,064",34.9%,"$17,804,403",65.1%
179,VIP Policeman,"$27,222,681",-,-,"$27,222,681",100%
180,My Neighbor Totoro 2018 Re-release,"$27,083,857","$1,144,649",4.2%,"$25,939,208",95.8%
181,The Faces of My Gene,"$26,796,279",-,-,"$26,796,279",100%
182,Badhaai Ho,"$26,125,610",-,-,"$26,125,610",100%
183,Hichki,"$26,055,222","$330,279",1.3%,"$25,724,943",98.7%
184,White Boy Rick,"$25,957,482","$24,011,188",92.5%,"$1,946,294",7.5%
185,"Paul, Apostle of Christ","$25,915,966","$17,560,475",67.8%,"$8,355,491",32.2%
186,Champions,"$25,766,564",-,-,"$25,766,564",100%
187,Keys To The Heart,"$25,375,866","$75,134",0.3%,"$25,300,732",99.7%
188,Stan & Ollie,"$24,420,923","$5,470,235",22.4%,"$18,950,688",77.6%
189,The Witch: Part 1 - The Subversion,"$24,340,302",-,-,"$24,340,302",100%
190,The Accidental Detective 2: In Action,"$24,243,825","$179,045",0.7%,"$24,064,780",99.3%
191,Killing for the Prosecution,"$23,929,620",-,-,"$23,929,620",100%
192,Pokémon the Movie: The Power of Us,"$23,740,788","$789,170",3.3%,"$22,951,618",96.7%
193,The Guernsey Literary and Potato Peel Pie Society,"$23,148,937",-,-,"$23,148,937",100%
194,The Crimes That Bind,"$23,144,130",-,-,"$23,144,130",100%
195,New Happy Dad and Son 3: Adventure in Russia,"$23,130,469",-,-,"$23,130,469",100%
196,Padmaavat,"$22,991,060","$11,846,060",51.5%,"$11,145,000",48.5%
197,Won't You Be My Neighbor?,"$22,844,741","$22,835,787",100%,"$8,954",<0.1%
198,Europe Raiders,"$22,435,156",-,-,"$22,435,156",100%
199,Mojin: The Worm Valley,"$22,381,583","$101,516",0.5%,"$22,280,067",99.5%
200,Stree,"$22,075,730",-,-,"$22,075,730",100%
